customer_id,name,gender,city,country,signup_date
1,Anjali Sheikh,Female,Sharjah,UAE,2022-05-19
2,Suresh Bose,Male,Mumbai,India,2022-03-17
3,Tariq Khan,Male,Dubai,UAE,2023-04-08
4,Suresh Patel,Male,Sharjah,UAE,2022-06-26
5,Nisha Malhotra,Female,Mumbai,India,2024-01-01
6,Simran Mehta,Female,Sharjah,UAE,2023-04-01
7,Maryam Rao,Female,Delhi,India,2022-03-31
8,Prateek Singh,Male,Abu Dhabi,UAE,2023-11-30
9,Omar Verma,Male,Mumbai,India,2022-11-24
10,Mohammed Khan,Male,Dubai,UAE,2023-11-15
11,Tarun Sharma,Male,Delhi,India,2022-12-22
12,Sneha Chaudhary,Female,Bangalore,India,2023-12-28
13,Rajan Kapoor,Male,Toronto,Canada,2022-03-08
14,Sahil Chaudhary,Male,Dubai,UAE,2023-07-18
15,Tanya Verma,Female,Toronto,Canada,2023-07-10
16,Pooja Rao,Female,Vancouver,Canada,2022-10-25
17,Faisal Bose,Male,Bangalore,India,2022-11-04
18,Simran Das,Female,Mumbai,India,2022-06-11
19,Simran Rao,Female,Mumbai,India,2023-12-30
20,Bilal Kapoor,Male,Abu Dhabi,UAE,2023-12-28
21,Ananya Malik,Female,Calgary,Canada,2023-12-19
22,Neha Chaudhary,Female,Dubai,UAE,2023-10-16
23,Tariq Chatterjee,Male,Sharjah,UAE,2022-06-28
24,Arjun Malhotra,Male,Vancouver,Canada,2023-01-06
25,Maryam Gupta,Female,Sharjah,UAE,2023-06-05
26,Sahil Bose,Male,Toronto,Canada,2022-08-18
27,Vishal Chaudhary,Male,Calgary,Canada,2022-05-05
28,Karan Mehta,Male,Delhi,India,2022-07-25
29,Aisha Mishra,Female,Mumbai,India,2022-05-23
30,Priya Gupta,Female,Delhi,India,2022-08-31
31,Priya Iyer,Female,Delhi,India,2023-05-21
32,Layla Chaudhary,Female,Toronto,Canada,2022-01-27
33,Kavya Das,Female,Sharjah,UAE,2023-01-05
34,Ananya Sharma,Female,Delhi,India,2023-07-22
35,Karan Malhotra,Male,Toronto,Canada,2023-08-10
36,Sneha Gupta,Female,Toronto,Canada,2023-01-13
37,Sara Menon,Female,Delhi,India,2023-04-24
38,Aarti Mehta,Female,Sharjah,UAE,2023-07-19
39,Sara Singh,Female,Toronto,Canada,2022-05-13
40,Deepika Kumar,Female,Delhi,India,2023-09-19
41,Nadia Iyer,Female,Vancouver,Canada,2022-03-30
42,Gaurav Das,Male,Calgary,Canada,2022-03-09
43,Nikhil Kumar,Male,Mumbai,India,2022-11-13
44,Gaurav Kapoor,Male,Mumbai,India,2023-02-12
45,Tarun Patel,Male,Bangalore,India,2023-05-06
46,Zaid Chaudhary,Male,Toronto,Canada,2023-06-23
47,Samir Mishra,Male,Calgary,Canada,2023-02-25
48,Omar Desai,Male,Dubai,UAE,2023-02-24
49,Divya Kumar,Female,Toronto,Canada,2023-08-12
50,Mohammed Sharma,Male,Mumbai,India,2022-03-17
51,Rohit Shah,Male,Toronto,Canada,2022-05-09
52,Bilal Pillai,Male,Sharjah,UAE,2022-11-21
53,Aditya Sheikh,Male,Mumbai,India,2023-10-20
54,Anjali Shah,Female,Toronto,Canada,2022-03-17
55,Zara Pandey,Female,Vancouver,Canada,2023-04-06
56,Pallavi Singh,Female,Sharjah,UAE,2023-04-23
57,Tariq Singh,Male,Delhi,India,2023-11-28
58,Ananya Chatterjee,Female,Calgary,Canada,2023-06-14
59,Sahil Singh,Male,Vancouver,Canada,2022-12-19
60,Sahil Malhotra,Male,Dubai,UAE,2022-05-12
61,Kritika Khan,Female,Dubai,UAE,2023-07-19
62,Tanya Bose,Female,Dubai,UAE,2023-10-18
63,Zara Nair,Female,Abu Dhabi,UAE,2023-08-25
64,Nisha Chatterjee,Female,Dubai,UAE,2022-07-06
65,Aarti Reddy,Female,Vancouver,Canada,2022-05-13
66,Pallavi Desai,Female,Vancouver,Canada,2023-03-20
67,Tarun Menon,Male,Mumbai,India,2023-05-30
68,Nikhil Chaudhary,Male,Calgary,Canada,2022-02-26
69,Hassan Mehta,Male,Sharjah,UAE,2022-05-08
70,Bilal Khan,Male,Vancouver,Canada,2023-06-15
71,Mohammed Tiwari,Male,Toronto,Canada,2022-06-06
72,Nadia Bose,Female,Dubai,UAE,2022-11-08
73,Sara Mishra,Female,Toronto,Canada,2022-06-18
74,Amit Menon,Male,Calgary,Canada,2022-06-15
75,Pallavi Tiwari,Female,Bangalore,India,2022-11-27
76,Rahul Menon,Male,Vancouver,Canada,2023-12-28
77,Ananya Rao,Female,Abu Dhabi,UAE,2022-08-19
78,Prateek Pillai,Male,Abu Dhabi,UAE,2022-12-21
79,Aditya Ansari,Male,Dubai,UAE,2023-06-16
80,Nikhil Nair,Male,Toronto,Canada,2022-10-18
81,Swati Nair,Female,Bangalore,India,2022-03-22
82,Omar Malhotra,Male,Vancouver,Canada,2022-09-14
83,Shreya Gupta,Female,Vancouver,Canada,2022-07-21
84,Aisha Pandey,Female,Mumbai,India,2023-10-13
85,Siddharth Singh,Male,Vancouver,Canada,2023-07-19
86,Vikram Rao,Male,Bangalore,India,2022-10-09
87,Pooja Singh,Female,Abu Dhabi,UAE,2022-05-09
88,Swati Mehta,Female,Sharjah,UAE,2023-10-03
89,Zaid Ansari,Male,Dubai,UAE,2022-11-07
90,Suresh Chaudhary,Male,Mumbai,India,2023-09-22
91,Sahil Bose,Male,Vancouver,Canada,2023-07-01
92,Sneha Das,Female,Delhi,India,2022-04-06
93,Sonal Bose,Female,Delhi,India,2023-05-30
94,Rajan Sheikh,Male,Vancouver,Canada,2023-10-19
95,Nikhil Menon,Male,Dubai,UAE,2022-06-22
96,Suresh Mishra,Male,Vancouver,Canada,2023-08-30
97,Aisha Malik,Female,Toronto,Canada,2023-08-18
98,Swati Mishra,Female,Bangalore,India,2022-06-07
99,Dina Ansari,Female,Mumbai,India,2022-06-25
100,Sneha Reddy,Female,Calgary,Canada,2023-11-06
101,Tarun Reddy,Male,Mumbai,India,2023-10-02
102,Shreya Mehta,Female,Toronto,Canada,2023-09-12
103,Tanya Desai,Female,Abu Dhabi,UAE,2022-12-12
104,Simran Gupta,Female,Toronto,Canada,2023-08-01
105,Omar Shah,Male,Toronto,Canada,2022-02-12
106,Kavya Mishra,Female,Sharjah,UAE,2022-01-30
107,Nikhil Iyer,Male,Abu Dhabi,UAE,2022-03-25
108,Bilal Bose,Male,Vancouver,Canada,2022-02-16
109,Suresh Mehta,Male,Mumbai,India,2023-10-19
110,Nadia Malhotra,Female,Delhi,India,2023-08-14
111,Tanya Kapoor,Female,Toronto,Canada,2022-09-29
112,Imran Menon,Male,Bangalore,India,2023-10-29
113,Maryam Bose,Female,Sharjah,UAE,2022-08-04
114,Faisal Rao,Male,Abu Dhabi,UAE,2023-08-09
115,Kritika Chatterjee,Female,Abu Dhabi,UAE,2023-03-03
116,Aisha Khan,Female,Dubai,UAE,2023-09-25
117,Ankit Sharma,Male,Toronto,Canada,2023-10-17
118,Kritika Pandey,Female,Bangalore,India,2022-02-01
119,Aisha Rao,Female,Toronto,Canada,2023-05-25
120,Hassan Malhotra,Male,Bangalore,India,2023-10-05
121,Priya Joshi,Female,Bangalore,India,2023-07-13
122,Meera Siddiqui,Female,Delhi,India,2022-10-24
123,Nadia Reddy,Female,Delhi,India,2023-10-20
124,Dina Nair,Female,Delhi,India,2022-11-06
125,Suresh Sharma,Male,Abu Dhabi,UAE,2023-05-10
126,Karan Mishra,Male,Toronto,Canada,2022-09-08
127,Sahil Das,Male,Delhi,India,2023-12-03
128,Aisha Pillai,Female,Delhi,India,2023-02-20
129,Pooja Gupta,Female,Abu Dhabi,UAE,2022-11-01
130,Sara Khan,Female,Toronto,Canada,2023-04-10
131,Arjun Singh,Male,Calgary,Canada,2022-03-16
132,Zaid Desai,Male,Abu Dhabi,UAE,2023-12-07
133,Simran Pillai,Female,Bangalore,India,2022-03-03
134,Swati Kumar,Female,Mumbai,India,2022-06-11
135,Rajan Joshi,Male,Delhi,India,2023-03-27
136,Suresh Reddy,Male,Bangalore,India,2023-03-02
137,Zaid Nair,Male,Delhi,India,2023-05-11
138,Nadia Das,Female,Mumbai,India,2023-04-21
139,Kritika Singh,Female,Abu Dhabi,UAE,2022-07-28
140,Tariq Patel,Male,Bangalore,India,2022-12-15
141,Sahil Joshi,Male,Calgary,Canada,2023-09-14
142,Nadia Chatterjee,Female,Abu Dhabi,UAE,2022-05-28
143,Rohit Sheikh,Male,Toronto,Canada,2022-11-17
144,Pooja Malhotra,Female,Delhi,India,2022-11-23
145,Prateek Sheikh,Male,Vancouver,Canada,2022-12-20
146,Aditya Shah,Male,Abu Dhabi,UAE,2023-02-13
147,Kritika Kumar,Female,Vancouver,Canada,2022-05-14
148,Swati Malhotra,Female,Sharjah,UAE,2023-01-15
149,Amit Malik,Male,Abu Dhabi,UAE,2023-06-12
150,Gaurav Mehta,Male,Dubai,UAE,2023-07-30
151,Shreya Menon,Female,Delhi,India,2022-04-19
152,Anjali Reddy,Female,Mumbai,India,2022-11-23
153,Omar Sheikh,Male,Calgary,Canada,2022-09-05
154,Tanya Shah,Female,Abu Dhabi,UAE,2023-04-23
155,Gaurav Sheikh,Male,Vancouver,Canada,2022-05-06
156,Deepak Patel,Male,Dubai,UAE,2022-10-01
157,Rahul Pillai,Male,Mumbai,India,2023-04-06
158,Kritika Patel,Female,Sharjah,UAE,2022-09-11
159,Arjun Verma,Male,Mumbai,India,2022-05-25
160,Deepak Verma,Male,Delhi,India,2022-04-10
161,Faisal Gupta,Male,Sharjah,UAE,2022-02-21
162,Nadia Malhotra,Female,Bangalore,India,2022-10-25
163,Deepak Nair,Male,Calgary,Canada,2023-01-29
164,Anjali Sharma,Female,Delhi,India,2023-09-23
165,Deepika Ansari,Female,Toronto,Canada,2023-03-05
166,Aditya Joshi,Male,Sharjah,UAE,2022-09-12
167,Sahil Pillai,Male,Vancouver,Canada,2022-06-13
168,Sonal Siddiqui,Female,Bangalore,India,2022-12-02
169,Rahul Desai,Male,Abu Dhabi,UAE,2023-08-15
170,Ankit Rao,Male,Abu Dhabi,UAE,2022-11-17
171,Aisha Chaudhary,Female,Dubai,UAE,2022-07-14
172,Shreya Singh,Female,Vancouver,Canada,2022-06-13
173,Manoj Mishra,Male,Calgary,Canada,2023-05-26
174,Sara Patel,Female,Bangalore,India,2023-06-12
175,Swati Sharma,Female,Sharjah,UAE,2023-04-24
176,Prateek Pandey,Male,Sharjah,UAE,2023-05-26
177,Vikram Mishra,Male,Toronto,Canada,2022-11-12
178,Rajan Das,Male,Calgary,Canada,2023-05-25
179,Aditya Das,Male,Delhi,India,2022-01-24
180,Manoj Siddiqui,Male,Delhi,India,2022-04-03
181,Fatima Menon,Female,Sharjah,UAE,2023-02-07
182,Divya Mehta,Female,Delhi,India,2023-06-02
183,Nisha Sharma,Female,Delhi,India,2023-04-14
184,Rajan Joshi,Male,Mumbai,India,2022-09-04
185,Imran Chatterjee,Male,Mumbai,India,2022-08-09
186,Prateek Rao,Male,Abu Dhabi,UAE,2023-08-21
187,Zara Pandey,Female,Sharjah,UAE,2022-12-28
188,Suresh Singh,Male,Bangalore,India,2022-02-19
189,Aditya Mishra,Male,Bangalore,India,2022-02-21
190,Nikhil Kapoor,Male,Toronto,Canada,2022-10-16
191,Aditya Das,Male,Toronto,Canada,2023-05-22
192,Manoj Desai,Male,Abu Dhabi,UAE,2023-09-04
193,Vikram Pillai,Male,Toronto,Canada,2023-11-01
194,Maryam Reddy,Female,Calgary,Canada,2023-11-20
195,Zaid Nair,Male,Vancouver,Canada,2023-04-27
196,Kavya Nair,Female,Sharjah,UAE,2022-10-20
197,Nadia Joshi,Female,Sharjah,UAE,2023-07-04
198,Vikram Desai,Male,Calgary,Canada,2022-01-09
199,Fatima Mehta,Female,Dubai,UAE,2022-04-21
200,Aarti Desai,Female,Abu Dhabi,UAE,2023-03-18
201,Simran Tiwari,Female,Sharjah,UAE,2022-05-18
202,Nadia Iyer,Female,Calgary,Canada,2022-09-28
203,Shreya Ansari,Female,Vancouver,Canada,2023-01-10
204,Yusuf Khan,Male,Mumbai,India,2023-02-17
205,Yusuf Gupta,Male,Delhi,India,2023-01-10
206,Rahul Mehta,Male,Bangalore,India,2022-02-16
207,Sahil Malhotra,Male,Toronto,Canada,2023-02-15
208,Amit Joshi,Male,Sharjah,UAE,2022-02-22
209,Tarun Gupta,Male,Bangalore,India,2023-08-07
210,Nadia Malik,Female,Delhi,India,2023-07-30
211,Mohammed Singh,Male,Toronto,Canada,2022-07-19
212,Riya Malik,Female,Toronto,Canada,2023-01-07
213,Mohammed Shah,Male,Calgary,Canada,2023-07-21
214,Prateek Malik,Male,Abu Dhabi,UAE,2022-10-23
215,Tanya Malik,Female,Abu Dhabi,UAE,2022-03-17
216,Tanya Kumar,Female,Mumbai,India,2023-01-31
217,Aisha Pandey,Female,Mumbai,India,2023-06-01
218,Sana Das,Female,Dubai,UAE,2023-04-07
219,Mohammed Khan,Male,Bangalore,India,2023-07-18
220,Tarun Nair,Male,Bangalore,India,2022-10-14
221,Maryam Khan,Female,Mumbai,India,2023-10-01
222,Ananya Gupta,Female,Calgary,Canada,2023-11-28
223,Pallavi Singh,Female,Vancouver,Canada,2023-09-18
224,Deepika Kumar,Female,Sharjah,UAE,2022-05-02
225,Mohammed Reddy,Male,Calgary,Canada,2022-05-12
226,Layla Malhotra,Female,Calgary,Canada,2022-04-10
227,Tanya Patel,Female,Toronto,Canada,2023-02-08
228,Shreya Desai,Female,Bangalore,India,2023-01-18
229,Vikram Reddy,Male,Mumbai,India,2022-12-14
230,Pallavi Kumar,Female,Toronto,Canada,2023-07-26
231,Rohit Patel,Male,Abu Dhabi,UAE,2023-01-10
232,Suresh Rao,Male,Sharjah,UAE,2022-05-28
233,Divya Singh,Female,Calgary,Canada,2022-07-23
234,Fatima Mishra,Female,Delhi,India,2023-09-09
235,Bilal Singh,Male,Sharjah,UAE,2023-06-06
236,Tarun Chatterjee,Male,Sharjah,UAE,2023-02-16
237,Aarti Pillai,Female,Abu Dhabi,UAE,2023-05-28
238,Prateek Das,Male,Mumbai,India,2022-02-11
239,Sonal Chaudhary,Female,Dubai,UAE,2022-02-16
240,Sara Tiwari,Female,Bangalore,India,2022-02-09
241,Rohit Kumar,Male,Toronto,Canada,2022-05-21
242,Dina Chaudhary,Female,Vancouver,Canada,2024-01-01
243,Tanya Khan,Female,Bangalore,India,2022-12-08
244,Simran Nair,Female,Toronto,Canada,2023-05-01
245,Tarun Shah,Male,Bangalore,India,2023-06-16
246,Aarti Gupta,Female,Calgary,Canada,2023-04-13
247,Rohit Kumar,Male,Vancouver,Canada,2022-06-02
248,Nikhil Chaudhary,Male,Abu Dhabi,UAE,2023-09-13
249,Sana Rao,Female,Abu Dhabi,UAE,2023-06-12
250,Rajan Siddiqui,Male,Bangalore,India,2022-05-24
251,Vikram Desai,Male,Bangalore,India,2022-12-02
252,Fatima Joshi,Female,Calgary,Canada,2023-09-20
253,Rohit Kapoor,Male,Dubai,UAE,2022-11-23
254,Hassan Kumar,Male,Abu Dhabi,UAE,2022-06-16
255,Pallavi Desai,Female,Calgary,Canada,2023-02-07
256,Aarti Chatterjee,Female,Sharjah,UAE,2023-09-24
257,Karan Iyer,Male,Abu Dhabi,UAE,2022-11-03
258,Suresh Pandey,Male,Dubai,UAE,2023-08-31
259,Deepak Pillai,Male,Delhi,India,2022-12-11
260,Swati Malik,Female,Dubai,UAE,2023-06-04
261,Ananya Sheikh,Female,Toronto,Canada,2023-06-06
262,Kritika Patel,Female,Sharjah,UAE,2023-06-30
263,Imran Khan,Male,Toronto,Canada,2023-05-17
264,Mohammed Nair,Male,Delhi,India,2023-12-27
265,Pooja Nair,Female,Abu Dhabi,UAE,2023-07-31
266,Anjali Bose,Female,Calgary,Canada,2022-11-03
267,Aisha Pillai,Female,Dubai,UAE,2023-05-02
268,Divya Malhotra,Female,Toronto,Canada,2022-01-18
269,Sara Mishra,Female,Delhi,India,2023-01-13
270,Omar Pandey,Male,Calgary,Canada,2022-12-06
271,Kritika Mishra,Female,Sharjah,UAE,2023-11-21
272,Sahil Nair,Male,Bangalore,India,2022-04-23
273,Pooja Das,Female,Delhi,India,2023-03-03
274,Aisha Gupta,Female,Abu Dhabi,UAE,2023-08-21
275,Samir Iyer,Male,Abu Dhabi,UAE,2022-11-12
276,Deepak Khan,Male,Mumbai,India,2023-12-06
277,Hassan Sheikh,Male,Calgary,Canada,2023-10-07
278,Nisha Gupta,Female,Calgary,Canada,2022-01-28
279,Tarun Siddiqui,Male,Abu Dhabi,UAE,2023-09-04
280,Pooja Reddy,Female,Delhi,India,2023-05-01
281,Sonal Pillai,Female,Vancouver,Canada,2022-09-29
282,Mohammed Chaudhary,Male,Abu Dhabi,UAE,2023-11-03
283,Ananya Rao,Female,Toronto,Canada,2023-08-16
284,Sahil Sheikh,Male,Abu Dhabi,UAE,2023-08-15
285,Hassan Rao,Male,Bangalore,India,2022-08-22
286,Sara Sheikh,Female,Vancouver,Canada,2022-02-22
287,Dina Desai,Female,Calgary,Canada,2023-08-21
288,Vikram Khan,Male,Bangalore,India,2023-05-07
289,Omar Menon,Male,Abu Dhabi,UAE,2022-06-24
290,Gaurav Iyer,Male,Dubai,UAE,2023-06-21
291,Arjun Iyer,Male,Calgary,Canada,2023-10-07
292,Divya Joshi,Female,Abu Dhabi,UAE,2023-09-27
293,Simran Nair,Female,Vancouver,Canada,2023-01-25
294,Faisal Shah,Male,Vancouver,Canada,2022-06-01
295,Simran Kapoor,Female,Bangalore,India,2023-11-29
296,Neha Gupta,Female,Vancouver,Canada,2022-09-06
297,Vikram Reddy,Male,Dubai,UAE,2022-02-02
298,Bilal Chaudhary,Male,Calgary,Canada,2023-08-10
299,Nikhil Desai,Male,Abu Dhabi,UAE,2023-12-19
300,Nadia Bose,Female,Vancouver,Canada,2022-04-23
301,Hana Ansari,Female,Bangalore,India,2022-07-15
302,Sana Desai,Female,Bangalore,India,2022-01-20
303,Sneha Sheikh,Female,Sharjah,UAE,2023-03-28
304,Ananya Tiwari,Female,Calgary,Canada,2022-11-18
305,Faisal Chatterjee,Male,Abu Dhabi,UAE,2023-03-05
306,Sahil Chatterjee,Male,Delhi,India,2022-06-05
307,Manoj Gupta,Male,Abu Dhabi,UAE,2023-02-27
308,Riya Joshi,Female,Dubai,UAE,2023-12-09
309,Hana Siddiqui,Female,Abu Dhabi,UAE,2022-07-28
310,Nadia Chatterjee,Female,Abu Dhabi,UAE,2023-02-25
311,Layla Tiwari,Female,Abu Dhabi,UAE,2023-05-29
312,Karan Ansari,Male,Bangalore,India,2023-09-19
313,Prateek Patel,Male,Delhi,India,2023-04-28
314,Aditya Iyer,Male,Toronto,Canada,2022-03-05
315,Aisha Ansari,Female,Sharjah,UAE,2023-12-24
316,Kavya Kumar,Female,Bangalore,India,2022-05-22
317,Tarun Reddy,Male,Toronto,Canada,2023-06-16
318,Nadia Ansari,Female,Mumbai,India,2022-08-01
319,Imran Kumar,Male,Toronto,Canada,2023-07-29
320,Kavya Bose,Female,Toronto,Canada,2022-11-29
321,Kavya Reddy,Female,Vancouver,Canada,2023-11-10
322,Layla Chaudhary,Female,Dubai,UAE,2023-05-05
323,Deepika Tiwari,Female,Sharjah,UAE,2023-06-23
324,Hana Verma,Female,Vancouver,Canada,2023-01-21
325,Suresh Sheikh,Male,Calgary,Canada,2022-11-18
326,Tanya Kumar,Female,Abu Dhabi,UAE,2022-06-27
327,Prateek Malik,Male,Mumbai,India,2023-04-16
328,Divya Malik,Female,Abu Dhabi,UAE,2023-06-30
329,Nisha Desai,Female,Sharjah,UAE,2022-12-17
330,Aarti Menon,Female,Vancouver,Canada,2023-07-14
331,Riya Rao,Female,Vancouver,Canada,2022-12-29
332,Amit Chaudhary,Male,Dubai,UAE,2023-11-24
333,Kritika Gupta,Female,Abu Dhabi,UAE,2023-11-29
334,Bilal Malhotra,Male,Abu Dhabi,UAE,2023-10-21
335,Sneha Khan,Female,Toronto,Canada,2023-12-11
336,Deepika Mishra,Female,Dubai,UAE,2022-09-28
337,Suresh Bose,Male,Sharjah,UAE,2023-09-17
338,Dina Mehta,Female,Delhi,India,2023-05-11
339,Hassan Mishra,Male,Abu Dhabi,UAE,2022-07-16
340,Gaurav Mishra,Male,Calgary,Canada,2022-09-10
341,Anjali Reddy,Female,Dubai,UAE,2022-10-13
342,Vikram Malik,Male,Toronto,Canada,2023-07-26
343,Karan Malhotra,Male,Sharjah,UAE,2022-11-02
344,Prateek Tiwari,Male,Vancouver,Canada,2022-08-19
345,Gaurav Gupta,Male,Vancouver,Canada,2022-11-01
346,Hana Menon,Female,Vancouver,Canada,2022-10-23
347,Pooja Pandey,Female,Dubai,UAE,2023-12-23
348,Rahul Rao,Male,Bangalore,India,2022-08-01
349,Pallavi Tiwari,Female,Toronto,Canada,2023-12-08
350,Suresh Pandey,Male,Toronto,Canada,2023-12-23
351,Priya Menon,Female,Vancouver,Canada,2023-05-16
352,Sneha Pillai,Female,Mumbai,India,2022-11-21
353,Aarti Iyer,Female,Mumbai,India,2023-05-07
354,Rahul Pillai,Male,Sharjah,UAE,2022-12-24
355,Pooja Iyer,Female,Calgary,Canada,2023-07-28
356,Rahul Sharma,Male,Calgary,Canada,2022-10-08
357,Ananya Pandey,Female,Toronto,Canada,2022-10-22
358,Nikhil Rao,Male,Dubai,UAE,2022-05-05
359,Hassan Khan,Male,Mumbai,India,2023-08-11
360,Rajan Chaudhary,Male,Sharjah,UAE,2023-11-24
361,Neha Gupta,Female,Vancouver,Canada,2023-07-11
362,Rohit Reddy,Male,Dubai,UAE,2023-01-24
363,Dina Rao,Female,Toronto,Canada,2023-02-09
364,Deepika Siddiqui,Female,Calgary,Canada,2022-12-20
365,Yusuf Gupta,Male,Mumbai,India,2022-05-30
366,Nadia Siddiqui,Female,Vancouver,Canada,2022-10-25
367,Siddharth Kumar,Male,Bangalore,India,2022-02-13
368,Kritika Sharma,Female,Dubai,UAE,2022-10-22
369,Tariq Singh,Male,Delhi,India,2022-03-22
370,Priya Malhotra,Female,Abu Dhabi,UAE,2022-12-21
371,Simran Rao,Female,Sharjah,UAE,2023-03-29
372,Neha Bose,Female,Vancouver,Canada,2023-11-03
373,Sara Chatterjee,Female,Delhi,India,2022-09-20
374,Aarti Menon,Female,Mumbai,India,2023-05-06
375,Nikhil Malik,Male,Vancouver,Canada,2022-08-08
376,Deepak Kapoor,Male,Sharjah,UAE,2022-07-26
377,Divya Mehta,Female,Bangalore,India,2023-07-06
378,Rohit Kapoor,Male,Calgary,Canada,2022-10-05
379,Aditya Khan,Male,Delhi,India,2023-07-30
380,Layla Chatterjee,Female,Abu Dhabi,UAE,2023-12-14
381,Pallavi Singh,Female,Bangalore,India,2022-10-06
382,Nikhil Rao,Male,Bangalore,India,2022-05-21
383,Tariq Shah,Male,Mumbai,India,2022-04-22
384,Tarun Bose,Male,Vancouver,Canada,2023-09-23
385,Arjun Khan,Male,Calgary,Canada,2023-08-24
386,Gaurav Das,Male,Toronto,Canada,2022-09-03
387,Rahul Siddiqui,Male,Delhi,India,2022-09-06
388,Sahil Reddy,Male,Dubai,UAE,2022-02-21
389,Swati Sharma,Female,Dubai,UAE,2023-11-17
390,Kritika Iyer,Female,Sharjah,UAE,2023-06-28
391,Kavya Das,Female,Sharjah,UAE,2022-08-20
392,Swati Joshi,Female,Dubai,UAE,2023-10-16
393,Omar Sheikh,Male,Bangalore,India,2022-08-27
394,Pooja Desai,Female,Vancouver,Canada,2022-02-23
395,Suresh Singh,Male,Delhi,India,2022-04-13
396,Gaurav Bose,Male,Dubai,UAE,2023-02-28
397,Gaurav Chaudhary,Male,Abu Dhabi,UAE,2022-12-05
398,Aarti Bose,Female,Bangalore,India,2023-04-29
399,Priya Pillai,Female,Sharjah,UAE,2022-04-13
400,Bilal Shah,Male,Sharjah,UAE,2023-11-29
401,Rohit Khan,Male,Calgary,Canada,2022-05-21
402,Manoj Iyer,Male,Bangalore,India,2022-01-06
403,Vishal Ansari,Male,Calgary,Canada,2023-07-18
404,Priya Iyer,Female,Sharjah,UAE,2022-06-11
405,Layla Singh,Female,Bangalore,India,2023-02-21
406,Suresh Kapoor,Male,Sharjah,UAE,2023-10-31
407,Zaid Sheikh,Male,Toronto,Canada,2023-05-03
408,Fatima Mehta,Female,Toronto,Canada,2023-05-04
409,Nadia Das,Female,Mumbai,India,2023-10-29
410,Zaid Malik,Male,Sharjah,UAE,2022-07-24
411,Ananya Gupta,Female,Abu Dhabi,UAE,2022-10-22
412,Sneha Iyer,Female,Calgary,Canada,2022-11-25
413,Sonal Nair,Female,Bangalore,India,2022-10-20
414,Yusuf Khan,Male,Vancouver,Canada,2023-10-24
415,Karan Rao,Male,Sharjah,UAE,2022-03-02
416,Faisal Sheikh,Male,Dubai,UAE,2022-04-02
417,Prateek Siddiqui,Male,Sharjah,UAE,2023-10-30
418,Siddharth Khan,Male,Sharjah,UAE,2023-08-11
419,Riya Chaudhary,Female,Toronto,Canada,2022-08-26
420,Sahil Singh,Male,Toronto,Canada,2023-07-02
421,Hassan Malik,Male,Sharjah,UAE,2022-02-08
422,Pallavi Patel,Female,Vancouver,Canada,2022-06-29
423,Deepak Verma,Male,Sharjah,UAE,2023-03-04
424,Sneha Chaudhary,Female,Calgary,Canada,2022-06-30
425,Amit Tiwari,Male,Sharjah,UAE,2022-02-07
426,Rohit Nair,Male,Bangalore,India,2023-02-11
427,Dina Reddy,Female,Dubai,UAE,2023-05-23
428,Gaurav Pillai,Male,Sharjah,UAE,2022-07-10
429,Hana Bose,Female,Toronto,Canada,2022-10-24
430,Deepika Malhotra,Female,Mumbai,India,2022-02-08
431,Rohit Malik,Male,Bangalore,India,2022-01-10
432,Mohammed Verma,Male,Toronto,Canada,2022-11-02
433,Deepak Iyer,Male,Delhi,India,2023-08-05
434,Maryam Malik,Female,Delhi,India,2023-09-10
435,Sneha Mishra,Female,Abu Dhabi,UAE,2022-04-20
436,Mohammed Nair,Male,Calgary,Canada,2022-12-10
437,Vishal Mehta,Male,Abu Dhabi,UAE,2022-10-19
438,Layla Iyer,Female,Calgary,Canada,2023-04-11
439,Aditya Tiwari,Male,Vancouver,Canada,2023-10-19
440,Nisha Ansari,Female,Bangalore,India,2023-07-11
441,Pallavi Tiwari,Female,Vancouver,Canada,2023-06-21
442,Nisha Nair,Female,Abu Dhabi,UAE,2023-05-21
443,Riya Shah,Female,Vancouver,Canada,2022-05-18
444,Zara Shah,Female,Toronto,Canada,2023-06-01
445,Shreya Pandey,Female,Dubai,UAE,2023-04-25
446,Layla Desai,Female,Delhi,India,2022-10-07
447,Meera Chaudhary,Female,Calgary,Canada,2022-07-17
448,Pooja Ansari,Female,Delhi,India,2022-04-26
449,Swati Singh,Female,Calgary,Canada,2022-12-05
450,Swati Chatterjee,Female,Vancouver,Canada,2022-06-16
451,Hana Joshi,Female,Toronto,Canada,2023-04-15
452,Sonal Reddy,Female,Calgary,Canada,2023-10-26
453,Rajan Mehta,Male,Calgary,Canada,2022-09-21
454,Vikram Nair,Male,Vancouver,Canada,2022-07-10
455,Omar Reddy,Male,Dubai,UAE,2022-01-15
456,Divya Kumar,Female,Vancouver,Canada,2022-12-12
457,Kritika Siddiqui,Female,Mumbai,India,2022-10-30
458,Swati Joshi,Female,Abu Dhabi,UAE,2023-08-05
459,Zara Kumar,Female,Abu Dhabi,UAE,2023-11-22
460,Suresh Kumar,Male,Toronto,Canada,2022-07-17
461,Rohit Ansari,Male,Toronto,Canada,2022-06-29
462,Bilal Pandey,Male,Sharjah,UAE,2023-09-18
463,Suresh Chatterjee,Male,Vancouver,Canada,2023-10-17
464,Aditya Malhotra,Male,Calgary,Canada,2023-02-20
465,Fatima Chaudhary,Female,Mumbai,India,2023-03-14
466,Rohit Singh,Male,Bangalore,India,2023-06-12
467,Omar Khan,Male,Mumbai,India,2022-12-02
468,Nisha Iyer,Female,Vancouver,Canada,2022-03-30
469,Aarti Chaudhary,Female,Sharjah,UAE,2023-02-15
470,Zaid Sheikh,Male,Calgary,Canada,2023-11-17
471,Karan Sharma,Male,Delhi,India,2022-04-08
472,Neha Mishra,Female,Mumbai,India,2022-07-09
473,Tarun Sheikh,Male,Vancouver,Canada,2022-05-24
474,Imran Kumar,Male,Calgary,Canada,2023-05-04
475,Rohit Gupta,Male,Bangalore,India,2022-11-28
476,Pooja Kapoor,Female,Dubai,UAE,2022-09-12
477,Nadia Khan,Female,Delhi,India,2022-01-07
478,Shreya Iyer,Female,Calgary,Canada,2022-09-25
479,Nisha Das,Female,Bangalore,India,2023-01-28
480,Sneha Chatterjee,Female,Abu Dhabi,UAE,2022-08-30
481,Sahil Sheikh,Male,Mumbai,India,2023-04-03
482,Prateek Iyer,Male,Vancouver,Canada,2022-10-01
483,Suresh Kumar,Male,Delhi,India,2022-12-04
484,Nadia Singh,Female,Abu Dhabi,UAE,2022-11-06
485,Tanya Gupta,Female,Toronto,Canada,2023-08-20
486,Aarti Iyer,Female,Toronto,Canada,2023-08-10
487,Manoj Nair,Male,Calgary,Canada,2022-01-12
488,Fatima Malhotra,Female,Dubai,UAE,2022-09-25
489,Kavya Mehta,Female,Toronto,Canada,2023-11-01
490,Priya Ansari,Female,Delhi,India,2023-01-04
491,Karan Shah,Male,Dubai,UAE,2023-12-11
492,Gaurav Pillai,Male,Mumbai,India,2022-08-30
493,Samir Bose,Male,Abu Dhabi,UAE,2022-03-05
494,Nikhil Malhotra,Male,Dubai,UAE,2023-11-15
495,Faisal Malhotra,Male,Calgary,Canada,2022-05-02
496,Zara Kumar,Female,Mumbai,India,2023-04-22
497,Amit Chatterjee,Male,Dubai,UAE,2022-11-11
498,Deepak Siddiqui,Male,Dubai,UAE,2022-06-13
499,Samir Shah,Male,Calgary,Canada,2023-02-20
500,Amit Mehta,Male,Vancouver,Canada,2023-12-04
